img_id,listing,thumbnail,fullres,raw_request
ISS029-E-37312,https://eol.jsc.nasa.gov/SearchPhotos/photo.pl?mission=ISS029&roll=E&frame=37312,https://eol.jsc.nasa.gov/DatabaseImages/ESC/small/ISS029/ISS029-E-37312.JPG,https://eol.jsc.nasa.gov/DatabaseImages/ESC/large/ISS029/ISS029-E-37312.JPG,https://eol.jsc.nasa.gov/SearchPhotos/RequestOriginalImage.pl?mission=ISS029&roll=E&frame=037312&file=iss029e037312.NEF
ISS029-E-37318,https://eol.jsc.nasa.gov/SearchPhotos/photo.pl?mission=ISS029&roll=E&frame=37318,https://eol.jsc.nasa.gov/DatabaseImages/ESC/small/ISS029/ISS029-E-37318.JPG,https://eol.jsc.nasa.gov/DatabaseImages/ESC/large/ISS029/ISS029-E-37318.JPG,https://eol.jsc.nasa.gov/SearchPhotos/RequestOriginalImage.pl?mission=ISS029&roll=E&frame=037318&file=iss029e037318.NEF
ISS031-E-10712,https://eol.jsc.nasa.gov/SearchPhotos/photo.pl?mission=ISS031&roll=E&frame=10712,https://eol.jsc.nasa.gov/DatabaseImages/ESC/small/ISS031/ISS031-E-10712.JPG,https://eol.jsc.nasa.gov/DatabaseImages/ESC/large/ISS031/ISS031-E-10712.JPG,https://eol.jsc.nasa.gov/SearchPhotos/RequestOriginalImage.pl?mission=ISS031&roll=E&frame=010712&file=iss031e010712.NEF
ISS031-E-151873,https://eol.jsc.nasa.gov/SearchPhotos/photo.pl?mission=ISS031&roll=E&frame=151873,https://eol.jsc.nasa.gov/DatabaseImages/ESC/small/ISS031/ISS031-E-151873.JPG,https://eol.jsc.nasa.gov/DatabaseImages/ESC/large/ISS031/ISS031-E-151873.JPG,https://eol.jsc.nasa.gov/SearchPhotos/RequestOriginalImage.pl?mission=ISS031&roll=E&frame=151873&file=iss031e151873.NEF
ISS041-E-18091,https://eol.jsc.nasa.gov/SearchPhotos/photo.pl?mission=ISS041&roll=E&frame=18091,https://eol.jsc.nasa.gov/DatabaseImages/ESC/small/ISS041/ISS041-E-18091.JPG,https://eol.jsc.nasa.gov/DatabaseImages/ESC/large/ISS041/ISS041-E-18091.JPG,https://eol.jsc.nasa.gov/SearchPhotos/RequestOriginalImage.pl?mission=ISS041&roll=E&frame=018091&file=iss041e018091.NEF
ISS041-E-18127,https://eol.jsc.nasa.gov/SearchPhotos/photo.pl?mission=ISS041&roll=E&frame=18127,https://eol.jsc.nasa.gov/DatabaseImages/ESC/small/ISS041/ISS041-E-18127.JPG,https://eol.jsc.nasa.gov/DatabaseImages/ESC/large/ISS041/ISS041-E-18127.JPG,https://eol.jsc.nasa.gov/SearchPhotos/RequestOriginalImage.pl?mission=ISS041&roll=E&frame=018127&file=iss041e018127.NEF
ISS042-E-295603,https://eol.jsc.nasa.gov/SearchPhotos/photo.pl?mission=ISS042&roll=E&frame=295603,https://eol.jsc.nasa.gov/DatabaseImages/ESC/small/ISS042/ISS042-E-295603.JPG,https://eol.jsc.nasa.gov/DatabaseImages/ESC/large/ISS042/ISS042-E-295603.JPG,https://eol.jsc.nasa.gov/SearchPhotos/RequestOriginalImage.pl?mission=ISS042&roll=E&frame=295603&file=iss042e295603.NEF
ISS043-E-197862,https://eol.jsc.nasa.gov/SearchPhotos/photo.pl?mission=ISS043&roll=E&frame=197862,https://eol.jsc.nasa.gov/DatabaseImages/ESC/small/ISS043/ISS043-E-197862.JPG,https://eol.jsc.nasa.gov/DatabaseImages/ESC/large/ISS043/ISS043-E-197862.JPG,https://eol.jsc.nasa.gov/SearchPhotos/RequestOriginalImage.pl?mission=ISS043&roll=E&frame=197862&file=iss043e197862.NEF
ISS043-E-197864,https://eol.jsc.nasa.gov/SearchPhotos/photo.pl?mission=ISS043&roll=E&frame=197864,https://eol.jsc.nasa.gov/DatabaseImages/ESC/small/ISS043/ISS043-E-197864.JPG,https://eol.jsc.nasa.gov/DatabaseImages/ESC/large/ISS043/ISS043-E-197864.JPG,https://eol.jsc.nasa.gov/SearchPhotos/RequestOriginalImage.pl?mission=ISS043&roll=E&frame=197864&file=iss043e197864.NEF
ISS043-E-239247,https://eol.jsc.nasa.gov/SearchPhotos/photo.pl?mission=ISS043&roll=E&frame=239247,https://eol.jsc.nasa.gov/DatabaseImages/ESC/small/ISS043/ISS043-E-239247.JPG,https://eol.jsc.nasa.gov/DatabaseImages/ESC/large/ISS043/ISS043-E-239247.JPG,https://eol.jsc.nasa.gov/SearchPhotos/RequestOriginalImage.pl?mission=ISS043&roll=E&frame=239247&file=iss043e239247.NEF
ISS043-E-298868,https://eol.jsc.nasa.gov/SearchPhotos/photo.pl?mission=ISS043&roll=E&frame=298868,https://eol.jsc.nasa.gov/DatabaseImages/ESC/small/ISS043/ISS043-E-298868.JPG,https://eol.jsc.nasa.gov/DatabaseImages/ESC/large/ISS043/ISS043-E-298868.JPG,https://eol.jsc.nasa.gov/SearchPhotos/RequestOriginalImage.pl?mission=ISS043&roll=E&frame=298868&file=iss043e298868.NEF
ISS043-E-304383,https://eol.jsc.nasa.gov/SearchPhotos/photo.pl?mission=ISS043&roll=E&frame=304383,https://eol.jsc.nasa.gov/DatabaseImages/ESC/small/ISS043/ISS043-E-304383.JPG,https://eol.jsc.nasa.gov/DatabaseImages/ESC/large/ISS043/ISS043-E-304383.JPG,https://eol.jsc.nasa.gov/SearchPhotos/RequestOriginalImage.pl?mission=ISS043&roll=E&frame=304383&file=iss043e304383.NEF
ISS044-E-45553,https://eol.jsc.nasa.gov/SearchPhotos/photo.pl?mission=ISS044&roll=E&frame=45553,https://eol.jsc.nasa.gov/DatabaseImages/ESC/small/ISS044/ISS044-E-45553.JPG,https://eol.jsc.nasa.gov/DatabaseImages/ESC/large/ISS044/ISS044-E-45553.JPG,https://eol.jsc.nasa.gov/SearchPhotos/RequestOriginalImage.pl?mission=ISS044&roll=E&frame=045553&file=iss044e045553.NEF
ISS044-E-45576,https://eol.jsc.nasa.gov/SearchPhotos/photo.pl?mission=ISS044&roll=E&frame=45576,https://eol.jsc.nasa.gov/DatabaseImages/ESC/small/ISS044/ISS044-E-45576.JPG,https://eol.jsc.nasa.gov/DatabaseImages/ESC/large/ISS044/ISS044-E-45576.JPG,https://eol.jsc.nasa.gov/SearchPhotos/RequestOriginalImage.pl?mission=ISS044&roll=E&frame=045576&file=iss044e045576.NEF
ISS044-E-47890,https://eol.jsc.nasa.gov/SearchPhotos/photo.pl?mission=ISS044&roll=E&frame=47890,https://eol.jsc.nasa.gov/DatabaseImages/ESC/small/ISS044/ISS044-E-47890.JPG,https://eol.jsc.nasa.gov/DatabaseImages/ESC/large/ISS044/ISS044-E-47890.JPG,https://eol.jsc.nasa.gov/SearchPhotos/RequestOriginalImage.pl?mission=ISS044&roll=E&frame=047890&file=iss044e047890.NEF
ISS045-E-24950,https://eol.jsc.nasa.gov/SearchPhotos/photo.pl?mission=ISS045&roll=E&frame=24950,https://eol.jsc.nasa.gov/DatabaseImages/ESC/small/ISS045/ISS045-E-24950.JPG,https://eol.jsc.nasa.gov/DatabaseImages/ESC/large/ISS045/ISS045-E-24950.JPG,https://eol.jsc.nasa.gov/SearchPhotos/RequestOriginalImage.pl?mission=ISS045&roll=E&frame=024950&file=iss045e024950.NEF
ISS045-E-25021,https://eol.jsc.nasa.gov/SearchPhotos/photo.pl?mission=ISS045&roll=E&frame=25021,https://eol.jsc.nasa.gov/DatabaseImages/ESC/small/ISS045/ISS045-E-25021.JPG,https://eol.jsc.nasa.gov/DatabaseImages/ESC/large/ISS045/ISS045-E-25021.JPG,https://eol.jsc.nasa.gov/SearchPhotos/RequestOriginalImage.pl?mission=ISS045&roll=E&frame=025021&file=iss045e025021.NEF
ISS045-E-49052,https://eol.jsc.nasa.gov/SearchPhotos/photo.pl?mission=ISS045&roll=E&frame=49052,https://eol.jsc.nasa.gov/DatabaseImages/ESC/small/ISS045/ISS045-E-49052.JPG,https://eol.jsc.nasa.gov/DatabaseImages/ESC/large/ISS045/ISS045-E-49052.JPG,https://eol.jsc.nasa.gov/SearchPhotos/RequestOriginalImage.pl?mission=ISS045&roll=E&frame=049052&file=iss045e049052.NEF
ISS047-E-7490,https://eol.jsc.nasa.gov/SearchPhotos/photo.pl?mission=ISS047&roll=E&frame=7490,https://eol.jsc.nasa.gov/DatabaseImages/ESC/small/ISS047/ISS047-E-7490.JPG,https://eol.jsc.nasa.gov/DatabaseImages/ESC/large/ISS047/ISS047-E-7490.JPG,https://eol.jsc.nasa.gov/SearchPhotos/RequestOriginalImage.pl?mission=ISS047&roll=E&frame=007490&file=iss047e007490.NEF
ISS047-E-7501,https://eol.jsc.nasa.gov/SearchPhotos/photo.pl?mission=ISS047&roll=E&frame=7501,https://eol.jsc.nasa.gov/DatabaseImages/ESC/small/ISS047/ISS047-E-7501.JPG,https://eol.jsc.nasa.gov/DatabaseImages/ESC/large/ISS047/ISS047-E-7501.JPG,https://eol.jsc.nasa.gov/SearchPhotos/RequestOriginalImage.pl?mission=ISS047&roll=E&frame=007501&file=iss047e007501.NEF
ISS047-E-7555,https://eol.jsc.nasa.gov/SearchPhotos/photo.pl?mission=ISS047&roll=E&frame=7555,https://eol.jsc.nasa.gov/DatabaseImages/ESC/small/ISS047/ISS047-E-7555.JPG,https://eol.jsc.nasa.gov/DatabaseImages/ESC/large/ISS047/ISS047-E-7555.JPG,https://eol.jsc.nasa.gov/SearchPhotos/RequestOriginalImage.pl?mission=ISS047&roll=E&frame=007555&file=iss047e007555.NEF
ISS053-E-13244,https://eol.jsc.nasa.gov/SearchPhotos/photo.pl?mission=ISS053&roll=E&frame=13244,https://eol.jsc.nasa.gov/DatabaseImages/ESC/small/ISS053/ISS053-E-13244.JPG,https://eol.jsc.nasa.gov/DatabaseImages/ESC/large/ISS053/ISS053-E-13244.JPG,https://eol.jsc.nasa.gov/SearchPhotos/RequestOriginalImage.pl?mission=ISS053&roll=E&frame=013244&file=iss053e013244.NEF
ISS053-E-56319,https://eol.jsc.nasa.gov/SearchPhotos/photo.pl?mission=ISS053&roll=E&frame=56319,https://eol.jsc.nasa.gov/DatabaseImages/ESC/small/ISS053/ISS053-E-56319.JPG,https://eol.jsc.nasa.gov/DatabaseImages/ESC/large/ISS053/ISS053-E-56319.JPG,https://eol.jsc.nasa.gov/SearchPhotos/RequestOriginalImage.pl?mission=ISS053&roll=E&frame=056319&file=iss053e056319.NEF
ISS053-E-148796,https://eol.jsc.nasa.gov/SearchPhotos/photo.pl?mission=ISS053&roll=E&frame=148796,https://eol.jsc.nasa.gov/DatabaseImages/ESC/small/ISS053/ISS053-E-148796.JPG,https://eol.jsc.nasa.gov/DatabaseImages/ESC/large/ISS053/ISS053-E-148796.JPG,https://eol.jsc.nasa.gov/SearchPhotos/RequestOriginalImage.pl?mission=ISS053&roll=E&frame=148796&file=iss053e148796.NEF
ISS053-E-162584,https://eol.jsc.nasa.gov/SearchPhotos/photo.pl?mission=ISS053&roll=E&frame=162584,https://eol.jsc.nasa.gov/DatabaseImages/ESC/small/ISS053/ISS053-E-162584.JPG,https://eol.jsc.nasa.gov/DatabaseImages/ESC/large/ISS053/ISS053-E-162584.JPG,https://eol.jsc.nasa.gov/SearchPhotos/RequestOriginalImage.pl?mission=ISS053&roll=E&frame=162584&file=iss053e162584.NEF
ISS059-E-60484,https://eol.jsc.nasa.gov/SearchPhotos/photo.pl?mission=ISS059&roll=E&frame=60484,https://eol.jsc.nasa.gov/DatabaseImages/ESC/small/ISS059/ISS059-E-60484.JPG,https://eol.jsc.nasa.gov/DatabaseImages/ESC/large/ISS059/ISS059-E-60484.JPG,https://eol.jsc.nasa.gov/SearchPhotos/RequestOriginalImage.pl?mission=ISS059&roll=E&frame=060484&file=iss059e060484.NEF
ISS059-E-60517,https://eol.jsc.nasa.gov/SearchPhotos/photo.pl?mission=ISS059&roll=E&frame=60517,https://eol.jsc.nasa.gov/DatabaseImages/ESC/small/ISS059/ISS059-E-60517.JPG,https://eol.jsc.nasa.gov/DatabaseImages/ESC/large/ISS059/ISS059-E-60517.JPG,https://eol.jsc.nasa.gov/SearchPhotos/RequestOriginalImage.pl?mission=ISS059&roll=E&frame=060517&file=iss059e060517.NEF
ISS065-E-392805,https://eol.jsc.nasa.gov/SearchPhotos/photo.pl?mission=ISS065&roll=E&frame=392805,https://eol.jsc.nasa.gov/DatabaseImages/ESC/small/ISS065/ISS065-E-392805.JPG,https://eol.jsc.nasa.gov/DatabaseImages/ESC/large/ISS065/ISS065-E-392805.JPG,https://eol.jsc.nasa.gov/SearchPhotos/RequestOriginalImage.pl?mission=ISS065&roll=E&frame=392805&file=iss065e392805.NEF
ISS066-E-24523,https://eol.jsc.nasa.gov/SearchPhotos/photo.pl?mission=ISS066&roll=E&frame=24523,https://eol.jsc.nasa.gov/DatabaseImages/ESC/small/ISS066/ISS066-E-24523.JPG,https://eol.jsc.nasa.gov/DatabaseImages/ESC/large/ISS066/ISS066-E-24523.JPG,https://eol.jsc.nasa.gov/SearchPhotos/RequestOriginalImage.pl?mission=ISS066&roll=E&frame=024523&file=iss066e024523.NEF
ISS066-E-24524,https://eol.jsc.nasa.gov/SearchPhotos/photo.pl?mission=ISS066&roll=E&frame=24524,https://eol.jsc.nasa.gov/DatabaseImages/ESC/small/ISS066/ISS066-E-24524.JPG,https://eol.jsc.nasa.gov/DatabaseImages/ESC/large/ISS066/ISS066-E-24524.JPG,https://eol.jsc.nasa.gov/SearchPhotos/RequestOriginalImage.pl?mission=ISS066&roll=E&frame=024524&file=iss066e024524.NEF
ISS067-E-364481,https://eol.jsc.nasa.gov/SearchPhotos/photo.pl?mission=ISS067&roll=E&frame=364481,https://eol.jsc.nasa.gov/DatabaseImages/ESC/small/ISS067/ISS067-E-364481.JPG,https://eol.jsc.nasa.gov/DatabaseImages/ESC/large/ISS067/ISS067-E-364481.JPG,https://eol.jsc.nasa.gov/SearchPhotos/RequestOriginalImage.pl?mission=ISS067&roll=E&frame=364481&file=iss067e364481.NEF
ISS068-E-1000,https://eol.jsc.nasa.gov/SearchPhotos/photo.pl?mission=ISS068&roll=E&frame=1000,https://eol.jsc.nasa.gov/DatabaseImages/ESC/small/ISS068/ISS068-E-1000.JPG,https://eol.jsc.nasa.gov/DatabaseImages/ESC/large/ISS068/ISS068-E-1000.JPG,https://eol.jsc.nasa.gov/SearchPhotos/RequestOriginalImage.pl?mission=ISS068&roll=E&frame=001000&file=iss068e001000.NEF
ISS071-E-168856,https://eol.jsc.nasa.gov/SearchPhotos/photo.pl?mission=ISS071&roll=E&frame=168856,https://eol.jsc.nasa.gov/DatabaseImages/ESC/small/ISS071/ISS071-E-168856.JPG,https://eol.jsc.nasa.gov/DatabaseImages/ESC/large/ISS071/ISS071-E-168856.JPG,https://eol.jsc.nasa.gov/SearchPhotos/RequestOriginalImage.pl?mission=ISS071&roll=E&frame=168856&file=iss071e168856.NEF
ISS071-E-170356,https://eol.jsc.nasa.gov/SearchPhotos/photo.pl?mission=ISS071&roll=E&frame=170356,https://eol.jsc.nasa.gov/DatabaseImages/ESC/small/ISS071/ISS071-E-170356.JPG,https://eol.jsc.nasa.gov/DatabaseImages/ESC/large/ISS071/ISS071-E-170356.JPG,https://eol.jsc.nasa.gov/SearchPhotos/RequestOriginalImage.pl?mission=ISS071&roll=E&frame=170356&file=iss071e170356.NEF
ISS071-E-234765,https://eol.jsc.nasa.gov/SearchPhotos/photo.pl?mission=ISS071&roll=E&frame=234765,https://eol.jsc.nasa.gov/DatabaseImages/ESC/small/ISS071/ISS071-E-234765.JPG,https://eol.jsc.nasa.gov/DatabaseImages/ESC/large/ISS071/ISS071-E-234765.JPG,https://eol.jsc.nasa.gov/SearchPhotos/RequestOriginalImage.pl?mission=ISS071&roll=E&frame=234765&file=iss071e234765.NEF
ISS071-E-319414,https://eol.jsc.nasa.gov/SearchPhotos/photo.pl?mission=ISS071&roll=E&frame=319414,https://eol.jsc.nasa.gov/DatabaseImages/ESC/small/ISS071/ISS071-E-319414.JPG,https://eol.jsc.nasa.gov/DatabaseImages/ESC/large/ISS071/ISS071-E-319414.JPG,https://eol.jsc.nasa.gov/SearchPhotos/RequestOriginalImage.pl?mission=ISS071&roll=E&frame=319414&file=iss071e319414.NEF
ISS072-E-118384,https://eol.jsc.nasa.gov/SearchPhotos/photo.pl?mission=ISS072&roll=E&frame=118384,https://eol.jsc.nasa.gov/DatabaseImages/ESC/small/ISS072/ISS072-E-118384.JPG,https://eol.jsc.nasa.gov/DatabaseImages/ESC/large/ISS072/ISS072-E-118384.JPG,https://eol.jsc.nasa.gov/SearchPhotos/RequestOriginalImage.pl?mission=ISS072&roll=E&frame=118384&file=iss072e118384.NEF
ISS072-E-118493,https://eol.jsc.nasa.gov/SearchPhotos/photo.pl?mission=ISS072&roll=E&frame=118493,https://eol.jsc.nasa.gov/DatabaseImages/ESC/small/ISS072/ISS072-E-118493.JPG,https://eol.jsc.nasa.gov/DatabaseImages/ESC/large/ISS072/ISS072-E-118493.JPG,https://eol.jsc.nasa.gov/SearchPhotos/RequestOriginalImage.pl?mission=ISS072&roll=E&frame=118493&file=iss072e118493.NEF
ISS072-E-262468,https://eol.jsc.nasa.gov/SearchPhotos/photo.pl?mission=ISS072&roll=E&frame=262468,https://eol.jsc.nasa.gov/DatabaseImages/ESC/small/ISS072/ISS072-E-262468.JPG,https://eol.jsc.nasa.gov/DatabaseImages/ESC/large/ISS072/ISS072-E-262468.JPG,https://eol.jsc.nasa.gov/SearchPhotos/RequestOriginalImage.pl?mission=ISS072&roll=E&frame=262468&file=iss072e262468.NEF
ISS073-E-151533,https://eol.jsc.nasa.gov/SearchPhotos/photo.pl?mission=ISS073&roll=E&frame=151533,https://eol.jsc.nasa.gov/DatabaseImages/ESC/small/ISS073/ISS073-E-151533.JPG,https://eol.jsc.nasa.gov/DatabaseImages/ESC/large/ISS073/ISS073-E-151533.JPG,https://eol.jsc.nasa.gov/SearchPhotos/RequestOriginalImage.pl?mission=ISS073&roll=E&frame=151533&file=iss073e0151533.NEF
ISS073-E-206244,https://eol.jsc.nasa.gov/SearchPhotos/photo.pl?mission=ISS073&roll=E&frame=206244,https://eol.jsc.nasa.gov/DatabaseImages/ESC/small/ISS073/ISS073-E-206244.JPG,https://eol.jsc.nasa.gov/DatabaseImages/ESC/large/ISS073/ISS073-E-206244.JPG,https://eol.jsc.nasa.gov/SearchPhotos/RequestOriginalImage.pl?mission=ISS073&roll=E&frame=206244&file=iss073e0206244.NEF
ISS073-E-260125,https://eol.jsc.nasa.gov/SearchPhotos/photo.pl?mission=ISS073&roll=E&frame=260125,https://eol.jsc.nasa.gov/DatabaseImages/ESC/small/ISS073/ISS073-E-260125.JPG,https://eol.jsc.nasa.gov/DatabaseImages/ESC/large/ISS073/ISS073-E-260125.JPG,https://eol.jsc.nasa.gov/SearchPhotos/RequestOriginalImage.pl?mission=ISS073&roll=E&frame=260125&file=iss073e0260125.NEF
ISS073-E-281502,https://eol.jsc.nasa.gov/SearchPhotos/photo.pl?mission=ISS073&roll=E&frame=281502,https://eol.jsc.nasa.gov/DatabaseImages/ESC/small/ISS073/ISS073-E-281502.JPG,https://eol.jsc.nasa.gov/DatabaseImages/ESC/large/ISS073/ISS073-E-281502.JPG,https://eol.jsc.nasa.gov/SearchPhotos/RequestOriginalImage.pl?mission=ISS073&roll=E&frame=281502&file=iss073e0281502.NEF
